0.80810000000000004,0.15559675727086952,1000,0.0026578583017093623
0.89595000000000002,0.11426626922696868,2000,0.0023189107653702181
0.9827999999999999,0.0897154027066977,3000,0.0021817659285961678
1.0684,0.073253344386424168,4000,0.0017971042565271347
1.1516,0.061418148293644927,5000,0.0019121096442491561
1.23695,0.052417775010833223,6000,0.0018057734456090942
1.32345,0.046102651248314162,7000,0.0015357717721723697
1.4113500000000001,0.041013063748725764,8000,0.0012189429017743926
1.4990000000000001,0.03665898774626826,9000,0.0012542591093315019
1.5865,0.032952300427974056,10000,0.0011817736138212797
1.6715499999999999,0.029895296778206903,11000,0.001032368702412384
1.7576000000000003,0.027220848353938988,12000,0.0010442799919611451
1.8482000000000005,0.025065713671966069,13000,0.0010233840374788625
1.9338000000000002,0.023260856847130838,14000,0.00087762999143810696
2.0235000000000003,0.021810969253184397,15000,0.00076701017337513059
2.1090499999999999,0.020617633534322777,16000,0.00070659366533411922
2.2040500000000001,0.01950545703857421,17000,0.0006750185922720606
2.2939499999999997,0.018411851482815378,18000,0.00062834896140250051
2.3822500000000004,0.017369206357451341,19000,0.00059246480657184622
2.4718,0.016530371720061672,20000,0.0005703626348219804
2.5604,0.015727325158695842,21000,0.00056062043779500029
2.6506499999999997,0.014953001499073242,22000,0.00056841310383356982
2.7353500000000004,0.014301913084525723,23000,0.00054994039839266538
2.8244500000000001,0.013704524974759713,24000,0.0005315574620086812
2.90815,0.013161809720585836,25000,0.00051005486418781302
2.9959000000000002,0.012645765497146308,26000,0.0004853831052293408
3.0804,0.012155173131454641,27000,0.00047180445111434047
3.1650499999999999,0.011651496811350727,28000,0.00044633938295368826
3.2500500000000003,0.011210526483942268,29000,0.0004244900589610296
3.3401500000000004,0.010844409829202427,30000,0.00040026668075171301
3.4238999999999997,0.010547204481817146,31000,0.00037919374482303138
3.5113500000000006,0.010226033193958369,32000,0.00037865565460272477
3.6017999999999994,0.0099576154522243929,33000,0.00036969789044305972
3.6889999999999996,0.0097114379335649075,34000,0.00034897745676133068
3.7760500000000001,0.0094683193990780061,35000,0.00032905812056202534
3.8647999999999998,0.0092007899850297756,36000,0.00030003899358287258
3.9493000000000005,0.0089619903275649591,37000,0.00028614073907892409
4.0362999999999989,0.0087346484231624506,38000,0.00027912959738787287
4.1279000000000003,0.0085302433074205021,39000,0.00026723605238446391
4.2122500000000009,0.0083103298903565697,40000,0.00025412452924230254
4.3019499999999997,0.0081245287352652521,41000,0.00025061543346970624
4.3947500000000002,0.0079270321229551553,42000,0.00024206721636750475
4.4823000000000004,0.0077329985672350242,43000,0.00023383281434854726
4.5679999999999996,0.007542681545782132,44000,0.0002286808080597631
4.6555,0.0073682209218472877,45000,0.00023067733751204868
4.7450500000000009,0.007196691342731769,46000,0.00023271895094991257
4.8330000000000002,0.0070480660337461842,47000,0.00022055076062087297
4.9192,0.0069017898634187447,48000,0.00020703456749537357
5.0045500000000001,0.0067683992674354215,49000,0.00020485737298841551
5.0923500000000015,0.0066554206274103498,50000,0.00020880726078362574
5.1800000000000015,0.0065421311035517432,51000,0.0001983119314709517
5.2667000000000002,0.0064275153667779569,52000,0.00019196751590639174
5.3504500000000004,0.0063190475078099412,53000,0.00018549872188224935
5.4397500000000001,0.0062212948763069043,54000,0.00017884770068083165
5.5238500000000013,0.0061146053778129931,55000,0.0001778951810661292
5.6105500000000017,0.0059833193329706744,56000,0.00018237745447649477
5.6972500000000004,0.005868391921880582,57000,0.00018854983273141932
5.7847500000000007,0.0057747826146001286,58000,0.00019412603013794848
5.8717500000000005,0.0056861720893698871,59000,0.00019283750721865492
5.9574500000000015,0.0055977478209896332,60000,0.00018533113751811046
6.0439500000000024,0.0055261635467470302,61000,0.00017915580331306436
6.1299500000000009,0.0054577836664499542,62000,0.00017051522867350701
6.2218,0.0054042316440968373,63000,0.00016028518971896116
6.3090500000000009,0.0053468224895740222,64000,0.00015566560494584551
6.4047000000000001,0.0052778872362931389,65000,0.00015484137865266431
6.4933500000000013,0.0051952386772793346,66000,0.00015201133471674972
6.5815000000000001,0.0051146964992371353,67000,0.00015143743441746273
6.6724499999999995,0.0050346967142222776,68000,0.00014953265026126128
6.7611999999999988,0.0049527523758905005,69000,0.00014731357039255168
6.8500499999999995,0.00487212720254306,70000,0.00014204875547187604
6.9385499999999993,0.0048070928127986095,71000,0.00013624266937940546
7.0236499999999999,0.0047420106242737747,72000,0.00013370723681711212
7.1091500000000014,0.0046769155199759297,73000,0.00013339156578473152
7.1959500000000016,0.0046187926338306477,74000,0.00013658376756396691
7.281600000000001,0.0045571835397492837,75000,0.00013976941740785284
7.3685000000000009,0.0044940566735535998,76000,0.000138223631700727
7.4562000000000008,0.0044286181647031717,77000,0.00013815221441348393
7.5420999999999996,0.0043662461302576361,78000,0.00013948821133506162
7.6302000000000021,0.0043106428400500945,79000,0.00014145140636758236
7.7181499999999996,0.0042626354919972336,80000,0.00014209117687990821
7.8047000000000022,0.0042168396695108131,81000,0.00013770172278286798
7.8920499999999993,0.0041671614180612817,82000,0.0001363512666679094
7.9792499999999986,0.0041184254439773334,83000,0.00013525116136137402
8.0652000000000008,0.0040804824356292183,84000,0.00013366810062675843
8.1519000000000013,0.0040379582791522928,85000,0.00013762647942746367
8.2404500000000009,0.0039894076743481706,86000,0.00013874872253222544
8.3297000000000008,0.0039382971729669007,87000,0.00013624499970039445
8.4188499999999991,0.0038831595067593534,88000,0.00013203143078702385
8.5165500000000005,0.003837798354741516,89000,0.00012710525392293075
8.6022999999999996,0.0037999150913577643,90000,0.00012297573936734921
8.6895000000000007,0.0037649605887114788,91000,0.00012106233704340455
8.7811999999999983,0.0037349459787494495,92000,0.00011866227930128399
8.8661500000000011,0.0036962114468278027,93000,0.00011607216905566492
8.9588499999999982,0.003655416889508756,94000,0.00011404091053861709
9.0446499999999972,0.0036151984548658243,95000,0.00010955556947894403
9.1295000000000002,0.0035746922828820541,96000,0.00010731480311946265
9.2181999999999995,0.0035403534294861706,97000,0.00010489197509414261
9.3036999999999992,0.0035030289210624859,98000,0.00010546557163630957
9.3884500000000006,0.0034686280132549029,99000,0.00010523698773505981
9.4756,0.0034351795352950362,100000,0.00010364843038603769
9.5676500000000022,0.0034067702893280012,101000,0.00010348271346433988
9.6576000000000022,0.0033718956083012052,102000,0.0001014526988005122
9.7475500000000004,0.0033441106505424974,103000,0.00010322901888671177
9.8338500000000018,0.0033124157545903776,104000,0.00010745610161511509
9.9223999999999997,0.0032789248467013504,105000,0.00011202546547438892
10.008550000000003,0.0032477356046466208,106000,0.00011117032549199618
10.098299999999998,0.0032119410824284476,107000,0.00010945007514077544
10.1869,0.0031793590242414601,108000,0.00010865318024099043
10.277100000000003,0.0031435279055019548,109000,0.00010943629731229649
10.364800000000001,0.0031190045751864166,110000,0.00010935425890287671
10.450100000000001,0.00309607087620015,111000,0.00011083528235411745
10.540400000000004,0.0030733470044938902,112000,0.00011269156540830974
10.631500000000001,0.0030574397213885933,113000,0.00011521570457644272
10.717150000000002,0.0030347936737186039,114000,0.00011540073587343132
10.8095,0.0030172614415496981,115000,0.00011686953293863433
10.896900000000002,0.0029977476554698943,116000,0.00011767373688441028
10.985949999999997,0.0029734460247605576,117000,0.00011703214668797561
11.074349999999997,0.0029486409995008473,118000,0.00011714198500484457
11.157550000000001,0.0029255600729730328,119000,0.00011779734636318071
11.244199999999999,0.0028990341236026168,120000,0.00011627454624540623
11.3344,0.0028727488426503788,121000,0.0001138370499680697
11.418099999999999,0.0028481815550830628,122000,0.00011348218990142404
11.5061,0.0028281727681709573,123000,0.00011579009503912134
11.590050000000002,0.0028046229354820752,124000,0.00011512326942923577
11.677549999999997,0.0027847347426093899,125000,0.000112580512634969
11.765900000000004,0.0027647389382937084,126000,0.00010909890568880719
11.85425,0.0027426428556069212,127000,0.00010878052206065911
11.9435,0.0027184239649588188,128000,0.00010763921867724132
12.031550000000001,0.0026936964445291429,129000,0.00010520009953300679
12.117649999999999,0.0026777869370704921,130000,0.00010476093520631519
12.207449999999998,0.0026572483980582657,131000,0.00010421780364296458
12.293699999999999,0.0026380819112153519,132000,0.00010400554031222854
12.383450000000002,0.0026195604174561976,133000,0.00010372987735661273
12.470449999999998,0.0026005590963629533,134000,0.00010421605250084224
12.557649999999999,0.0025846592401498301,135000,0.00010403635633621629
12.653149999999998,0.00256582985121532,136000,0.00010453361225028851
12.740049999999997,0.0025495473595566198,137000,0.00010532822192292905
12.829949999999998,0.0025348270637574211,138000,0.00010624227421270775
12.919200000000002,0.0025218846192139386,139000,0.00010779298406146754
13.00445,0.002509102757943658,140000,0.00010881460476234076
13.098249999999998,0.0024937965781632234,141000,0.00010880478778106018
13.186400000000001,0.0024791476313565431,142000,0.00010807232030656455
13.271749999999997,0.002464456927934447,143000,0.00010660312185867483
13.361900000000002,0.002449408044907969,144000,0.00010543185990859728
13.447950000000001,0.00243172629703801,145000,0.00010540594905847937
13.533100000000003,0.0024130639249401176,146000,0.00010481564088845196
13.621900000000002,0.0023977433971480492,147000,0.00010352630350221469
13.707650000000001,0.0023821620763824452,148000,0.00010164473449542468
13.7971,0.002366708450016455,149000,0.00010043980174750667
13.887400000000003,0.0023532908236365648,150000,9.8149476696925015e-05
13.97165,0.0023408715132629018,151000,9.6275050718199303e-05
14.062299999999999,0.0023309489487282719,152000,9.5818570875391918e-05
14.14945,0.0023182454634596396,153000,9.5983967467432873e-05
14.237200000000005,0.0023042475401159643,154000,9.5856008679165742e-05
14.323950000000002,0.0022922595816048802,155000,9.3957925045584791e-05
14.412899999999999,0.0022764076328924215,156000,9.3137667177060993e-05
14.501200000000001,0.0022621272429472431,157000,9.2563471010442279e-05
14.588150000000002,0.0022497657606274464,158000,9.2597765515902168e-05
14.6792,0.0022373055697117146,159000,9.2597292038296169e-05
14.768350000000002,0.002222454852678231,160000,9.2777670228946327e-05
14.857050000000001,0.0022088503377993688,161000,9.3254808019012931e-05
14.947900000000002,0.002194533039397025,162000,9.2892523502815564e-05
15.035949999999998,0.0021830895242064908,163000,9.2305201685995139e-05
15.122800000000002,0.0021705529294777522,164000,9.2209077589058141e-05
15.213650000000001,0.0021586307467985942,165000,9.2503048974004802e-05
15.298900000000001,0.0021492827848050345,166000,9.2387039649532675e-05
15.38485,0.0021384842611928269,167000,9.1247772341235647e-05
15.475899999999999,0.0021265554583508369,168000,9.0848535125448248e-05
15.562550000000002,0.0021125062688267834,169000,9.0514622569916634e-05
15.651450000000001,0.0020989977905561791,170000,8.8483974835300522e-05
15.74065,0.0020877657728947162,171000,8.5914370996235961e-05
15.8271,0.0020756852857958417,172000,8.3831625997273093e-05
15.914499999999995,0.002062816031039721,173000,8.2456961192251861e-05
16.0047,0.0020500459730793579,174000,8.1382928025160368e-05
16.091449999999998,0.0020390805604708555,175000,8.0921512316222506e-05
16.180300000000003,0.0020272733343132702,176000,8.1140271356409523e-05
16.268700000000006,0.0020151212464122512,177000,8.0795483417834058e-05
16.356999999999999,0.0020053910144588786,178000,8.1194378368782129e-05
16.445800000000002,0.0019949503436759489,179000,8.2028511789270409e-05
16.531049999999997,0.0019876963999708491,180000,8.3695073082524859e-05
16.618000000000002,0.0019785708034255702,181000,8.440605409061494e-05
16.7089,0.001966595841214564,182000,8.5415402742218842e-05
16.79955,0.0019582763224528666,183000,8.6341977363650006e-05
16.887600000000003,0.0019497815073367172,184000,8.5626158587384703e-05
16.977050000000002,0.0019426054794677392,185000,8.5326888258001809e-05
17.070050000000002,0.0019347625836961418,186000,8.2765841672509193e-05
17.154150000000005,0.0019239300506362423,187000,8.0534346923153492e-05
17.242250000000002,0.0019149146653829581,188000,8.0169015517891128e-05
17.332699999999999,0.0019075417373571346,189000,7.9432757028021929e-05
17.419850000000004,0.0019023700515075693,190000,7.8948793440702101e-05
17.505200000000002,0.001895532280876056,191000,7.7855717340449268e-05
17.595700000000001,0.001886981016775517,192000,7.8716925579539888e-05
17.679750000000002,0.0018762022303046193,193000,7.9147039497465824e-05
17.768350000000002,0.0018653462914647917,194000,8.0394200025897365e-05
17.854900000000004,0.0018555098659601588,195000,7.9941682339055022e-05
17.942500000000003,0.0018469925706616965,196000,7.8974295812829276e-05
18.031800000000008,0.0018390246122126381,197000,7.8418214966654063e-05
18.121100000000002,0.0018318902189224371,198000,7.7060630577466352e-05
18.207150000000006,0.0018262579552339913,199000,7.5259893253381871e-05
18.29645,0.001817933170436839,200000,7.4510057794364065e-05
18.388200000000005,0.0018088407584844258,201000,7.6156470859056885e-05
18.476150000000008,0.0017997091810851643,202000,7.6402822581915673e-05
18.565200000000001,0.0017905182351186204,203000,7.565567551629166e-05
18.651550000000004,0.0017820837773059942,204000,7.4911334978844591e-05
18.740850000000002,0.0017741849645676628,205000,7.425117560751779e-05
18.828850000000006,0.0017665128248862017,206000,7.3534398061950783e-05
18.920400000000004,0.0017601974220555231,207000,7.185447327481114e-05
19.010850000000008,0.0017525500574980275,208000,7.1470636355217495e-05
19.099100000000004,0.0017434199586291743,209000,7.2259222928847258e-05
19.186550000000008,0.0017362206690086351,210000,7.1837208682527296e-05
19.278150000000007,0.0017289700446983221,211000,7.1857860522220755e-05
19.368100000000005,0.0017223037309345873,212000,7.232299201572021e-05
19.456800000000001,0.0017163079221378761,213000,7.1911417419839724e-05
19.542450000000006,0.0017093998788127521,214000,7.0916103565601472e-05
19.629950000000001,0.0017026554329798674,215000,6.9399404473048618e-05
19.716000000000005,0.0016949246883581329,216000,6.7904959839410514e-05
19.802600000000009,0.0016881971708561018,217000,6.8055548468916264e-05
19.892500000000002,0.0016792404702472511,218000,6.7046854524959576e-05
19.976700000000005,0.0016690958932134047,219000,6.6670652566041402e-05
20.063550000000003,0.0016613831565430522,220000,6.703434134679196e-05
20.152400000000007,0.0016555495111323728,221000,6.6343861898372604e-05
20.238600000000002,0.001651997634475314,222000,6.6212472449956363e-05
20.328000000000003,0.00164705649925261,223000,6.5397924853216645e-05
20.416800000000002,0.0016410267722383996,224000,6.436986428555852e-05
20.503400000000006,0.0016342080635682839,225000,6.3201996521171266e-05
20.593700000000005,0.0016285852265970836,226000,6.2998207361624151e-05
20.679200000000009,0.0016233782753384282,227000,6.3030643843645104e-05
20.76570000000001,0.0016184599155535371,228000,6.2623719120996502e-05
20.853450000000002,0.0016127156392813039,229000,6.1686976116917267e-05
20.940600000000011,0.0016058269190767829,230000,6.0882737019803387e-05
21.035550000000008,0.0015993184736181173,231000,6.0154291776787837e-05
21.121950000000005,0.0015922139798475216,232000,5.9419077754705542e-05
21.2119,0.0015847628216192019,233000,5.9396225890402139e-05
21.302400000000002,0.0015778551528947693,234000,5.9303594605505483e-05
21.392500000000005,0.001571503628603591,235000,5.8374403123366374e-05
21.478850000000005,0.0015659278136105207,236000,5.7365632329129118e-05
21.565849999999998,0.0015584681654175472,237000,5.7022529938494085e-05
21.652050000000003,0.0015521919211821276,238000,5.7688861459353776e-05
21.740100000000005,0.0015448447959046357,239000,5.8882797630996289e-05
21.826100000000007,0.0015376505173110339,240000,5.8269681957178107e-05
21.913650000000001,0.0015296556101786717,241000,5.7249768333968971e-05
21.999600000000008,0.0015208792808401221,242000,5.5652976888091668e-05
22.088750000000008,0.0015130743598034996,243000,5.444295473268266e-05
22.173450000000006,0.0015072674435830796,244000,5.378309691322521e-05
22.262400000000007,0.0015007885556027282,245000,5.3352820938533109e-05
22.347550000000002,0.001495607822998412,246000,5.2885853014358854e-05
22.438550000000003,0.0014924526205792362,247000,5.2734447238467045e-05
22.527800000000003,0.0014883912066107209,248000,5.2887905654525953e-05
22.615000000000002,0.0014835488161710608,249000,5.2761330711177375e-05
22.701400000000003,0.0014785737799146415,250000,5.2742031315826421e-05
22.786400000000008,0.0014738152536463028,251000,5.2849679286915754e-05
22.872250000000008,0.0014686540634615223,252000,5.3527716448011741e-05
22.9634,0.0014626619999175223,253000,5.4148227976491008e-05
23.049700000000005,0.001455931065611478,254000,5.3743701918779099e-05
23.142950000000006,0.0014495452616296888,255000,5.3108029484846897e-05
23.230049999999999,0.0014440607247398693,256000,5.2773977545611506e-05
23.31935,0.0014381558880503882,257000,5.2121938841410699e-05
23.4072,0.0014326452328379746,258000,5.3095089700624782e-05
23.49765,0.0014259171864931979,259000,5.3643765491703717e-05
23.584199999999999,0.0014200614141251712,260000,5.3305187909207433e-05
23.670949999999998,0.0014146572497608291,261000,5.2554770890837586e-05
23.755600000000001,0.0014093165379711952,262000,5.2302134578435528e-05
23.844200000000004,0.0014025479225981716,263000,5.2247567982894349e-05
23.930499999999999,0.0013954063102576018,264000,5.2423556465355697e-05
24.020250000000004,0.0013867541641633891,265000,5.2189387642028961e-05
24.1097,0.0013789707074096597,266000,5.2238965624438344e-05
24.196400000000004,0.0013730371057530401,267000,5.1980823461134303e-05
24.284550000000003,0.001367790312734992,268000,5.1310032326529713e-05
24.369700000000002,0.0013619910003269801,269000,5.0262610366140884e-05
24.455050000000004,0.0013558636410201037,270000,4.9438403250705976e-05
24.546500000000002,0.0013512026570952774,271000,4.8643467028635628e-05
24.63505,0.0013459464194658698,272000,4.7979473929639412e-05
24.720649999999999,0.0013400950427190645,273000,4.715050489122063e-05
24.809050000000006,0.001333909125865856,274000,4.7009471132566448e-05
24.896850000000001,0.0013275369894969241,275000,4.6677139447171828e-05
24.987950000000001,0.0013212105107712094,276000,4.6800202042269795e-05
25.072300000000002,0.0013152127269442085,277000,4.6376526052609152e-05
25.162050000000001,0.0013127769524295635,278000,4.5812177590012345e-05
25.253700000000002,0.0013107583949797945,279000,4.4983075565169823e-05
25.340250000000005,0.0013082096081598958,280000,4.4360049594241768e-05
25.431950000000004,0.0013051188592231448,281000,4.3996346728612188e-05
25.519900000000003,0.0013034544300789448,282000,4.3699338984493975e-05
25.607499999999998,0.0012992929979038993,283000,4.3659940049143925e-05
25.695200000000007,0.00129516161940848,284000,4.3144546041708301e-05
25.780500000000007,0.0012913478728674823,285000,4.2831461819153493e-05
25.86825,0.0012882880484419378,286000,4.3004542636698342e-05
25.955500000000004,0.0012850576720879747,287000,4.3143155046940405e-05
26.044450000000005,0.0012810440660300905,288000,4.3426533054175833e-05
26.129150000000006,0.0012774115280983886,289000,4.4280624227173162e-05
26.217450000000003,0.001274192121749796,290000,4.4507034461661978e-05
26.3032,0.0012700443089466804,291000,4.4487949927315962e-05
26.392200000000003,0.0012663799440025361,292000,4.4587407980821705e-05
26.475750000000005,0.0012620403593408174,293000,4.4953513462594032e-05
26.566400000000005,0.0012585209149086542,294000,4.5363289874476811e-05
26.652450000000005,0.00125551175163715,295000,4.6195962652320577e-05
26.739350000000002,0.0012516874810635115,296000,4.6486791829998206e-05
26.825300000000006,0.001247650133104142,297000,4.6558820389366497e-05
26.911550000000005,0.0012431653248817856,298000,4.6160994307530149e-05
26.998799999999999,0.0012384204836181356,299000,4.5618410824441709e-05
27.088550000000009,0.0012350608686719968,300000,4.6093407651611442e-05
27.182800000000007,0.0012313055108695197,301000,4.6316935119503812e-05
27.274099999999997,0.0012271887999881223,302000,4.714730170532848e-05
27.359500000000004,0.0012232073743339519,303000,4.7667541420381607e-05
27.450150000000008,0.0012199489556903472,304000,4.8103661774632493e-05
27.542250000000006,0.0012164884138164027,305000,4.7709040234436883e-05
27.629800000000007,0.0012106452643756147,306000,4.6801223960794003e-05
27.718299999999999,0.0012048742388953396,307000,4.6231213208509094e-05
27.804700000000008,0.0011998377115910619,308000,4.6042248495240631e-05
27.889850000000006,0.0011961623843102832,309000,4.5958484799107959e-05
27.978700000000003,0.0011924087544893608,310000,4.6230967708645722e-05
28.063400000000009,0.0011894654231180736,311000,4.6616824390202291e-05
28.151950000000006,0.001186423600562784,312000,4.7244869234942465e-05
28.238850000000003,0.0011821625888047407,313000,4.7376733519564948e-05
28.327700000000004,0.0011785907310391292,314000,4.7104451794445519e-05
28.414650000000005,0.0011748884715513538,315000,4.7094209496997976e-05
28.502700000000004,0.0011705088051438258,316000,4.6839190308319555e-05
28.590700000000009,0.0011660940073744486,317000,4.6756522477376756e-05
28.678150000000006,0.00116159124260729,318000,4.6527182174337617e-05
28.764600000000009,0.0011570267950091792,319000,4.6489969377358727e-05
28.852700000000006,0.0011525186241738634,320000,4.6520995917105378e-05
28.940200000000011,0.0011491700072130023,321000,4.7505241827955759e-05
29.027100000000001,0.0011461294337633523,322000,4.832808628699025e-05
29.115550000000002,0.0011433825938534825,323000,4.9037889369573225e-05
29.206150000000008,0.0011406403933269947,324000,4.9347327183441744e-05
29.293900000000015,0.0011384051841804091,325000,4.8975085534349038e-05
29.385800000000007,0.0011349379842464998,326000,4.81994434442315e-05
29.475100000000005,0.0011323813292737205,327000,4.7703406826212597e-05
29.564000000000004,0.0011313106664592827,328000,4.6989278627024881e-05
29.654200000000003,0.0011297193209515442,329000,4.6417446178740641e-05
29.745550000000001,0.0011275688733889935,330000,4.6053504671251811e-05
29.829850000000004,0.0011244306502742527,331000,4.5666836521079876e-05
29.915300000000009,0.0011213063755524835,332000,4.579275923903034e-05
30.002800000000001,0.0011177034167586346,333000,4.5930873495284962e-05
30.088150000000002,0.0011143349428551544,334000,4.5594689038355565e-05
30.177600000000012,0.001110275624045975,335000,4.5443526657014594e-05
30.264950000000006,0.0011067296755423357,336000,4.5370776899377439e-05
30.352450000000005,0.0011033220482342542,337000,4.4866102590563845e-05
30.438949999999998,0.0011006010369942316,338000,4.4733479445578453e-05
30.52665,0.0010985987118023626,339000,4.4052128618307137e-05
30.612100000000005,0.0010957879630880622,340000,4.359667399528897e-05
30.699900000000003,0.0010940735651526015,341000,4.329590586553025e-05
30.789300000000004,0.0010924024930366383,342000,4.3022756200910418e-05
30.877599999999994,0.0010901530877379093,343000,4.3339792026374078e-05
30.963900000000006,0.001086835921615685,344000,4.3597861536065886e-05
31.050200000000007,0.0010832147067859072,345000,4.3415063822928222e-05
31.13945,0.0010793390426823565,346000,4.3232311855036419e-05
31.225900000000006,0.0010758549804664192,347000,4.2668101704193046e-05
31.319299999999998,0.0010728861336248487,348000,4.1728478540617876e-05
31.4069,0.0010700744045643053,349000,4.1254911816236043e-05
31.495950000000001,0.0010676059403906984,350000,4.127787888232759e-05
31.5853,0.0010653135161816372,351000,4.1076963335619267e-05
31.676050000000004,0.0010627392641784966,352000,4.0630982205596813e-05
31.764099999999996,0.0010598579591936752,353000,4.0367396063617119e-05
31.854950000000002,0.0010566370915929271,354000,4.0347599741737845e-05
31.941249999999997,0.0010532561596756538,355000,4.0627922434553521e-05
32.029549999999993,0.00105036003325837,356000,4.0569223834339421e-05
32.114900000000006,0.0010482931641843357,357000,4.0136562912489174e-05
32.199349999999995,0.0010457888513055961,358000,3.9700603698687899e-05
32.287950000000002,0.0010438216717314657,359000,3.9733167450420677e-05
32.374250000000011,0.0010409043700881425,360000,3.9317132303046173e-05
32.461199999999998,0.0010388438408641292,361000,3.9133028976468251e-05
32.547899999999991,0.0010359337615759908,362000,3.8902758001223835e-05
32.633749999999999,0.001034333396411625,363000,3.903517274562936e-05
32.7211,0.001033363075724677,364000,3.8838552454228059e-05
32.811449999999994,0.0010310173559089821,365000,3.833958740574213e-05
32.902850000000008,0.0010291474060695855,366000,3.7946931266553997e-05
32.988599999999998,0.0010276304193856101,367000,3.7921522116407731e-05
33.074449999999999,0.0010262104741971827,368000,3.7823187974554637e-05
33.162850000000006,0.001023581098350495,369000,3.7541073031326231e-05
33.252400000000009,0.0010206240251080937,370000,3.7361642892377121e-05
33.345050000000001,0.0010181218915185951,371000,3.7805530185498363e-05
33.433249999999994,0.0010148026941377384,372000,3.8183923425291653e-05
33.522500000000008,0.0010134165828298866,373000,3.8635631041712772e-05
33.610550000000003,0.0010115196474212022,374000,3.8423516799541198e-05
33.699799999999996,0.0010093123419835689,375000,3.8337573534801678e-05
33.787549999999996,0.0010068495390967694,376000,3.848669889896964e-05
33.88015,0.0010043860281161554,377000,3.8351419800334393e-05
33.965699999999998,0.0010018327240856675,378000,3.8340345501361782e-05
34.050250000000005,0.0010000208401278535,379000,3.8514860356396719e-05
34.13785,0.00099695255916639153,380000,3.8781618055021381e-05
34.222549999999998,0.0009932189233740668,381000,3.8714541029210577e-05
34.308350000000004,0.0009892557116692863,382000,3.8477864917128516e-05
34.399600000000007,0.00098659462000589204,383000,3.7686709270259561e-05
34.483700000000006,0.00098342909067997597,384000,3.7370321382540653e-05
34.568950000000008,0.00098083938972663948,385000,3.7503814545394977e-05
34.655050000000003,0.00097748722513125281,386000,3.7700519389169845e-05
34.742699999999999,0.00097348242531813478,387000,3.7501416958426565e-05
34.829949999999997,0.00096993246550467404,388000,3.7221376222237732e-05
34.922099999999993,0.00096736544756313855,389000,3.6900388872869631e-05
35.008100000000013,0.00096477801618005579,390000,3.6586646726515824e-05
35.09355,0.0009622510941856002,391000,3.648153528646088e-05
35.181449999999998,0.00096010520599118575,392000,3.6148553878668225e-05
35.270800000000001,0.0009574102897982542,393000,3.5504370692936224e-05
35.357550000000018,0.00095422691557675826,394000,3.5294906686458604e-05
35.446800000000003,0.00095118858725988975,395000,3.5284807370545205e-05
35.539600000000007,0.00094812902425105204,396000,3.5407878395339797e-05
35.629949999999994,0.00094590770806372837,397000,3.5516723638252019e-05
35.72045,0.00094346260645700132,398000,3.53938781973828e-05
35.807650000000002,0.00094044670485303569,399000,3.5421094951958573e-05
35.898499999999999,0.00093841528292758344,400000,3.5174762587500423e-05
35.99015,0.0009357879180202001,401000,3.4488573136033132e-05
36.0762,0.00093299511052524937,402000,3.3900928372935958e-05
36.164499999999997,0.00092999342712502063,403000,3.3638635857119479e-05
36.250600000000006,0.0009270807407523072,404000,3.3421081938681057e-05
36.337300000000006,0.00092493280366376873,405000,3.3121494715831611e-05
36.428650000000005,0.000923098142075994,406000,3.3123091280880608e-05
36.515350000000005,0.00092122273091079583,407000,3.3361713192637944e-05
36.601749999999996,0.000919875449543974,408000,3.3341733061916682e-05
36.688450000000003,0.00091844892503528057,409000,3.2959912204927413e-05
36.776050000000012,0.00091600511853272802,410000,3.2731292944230474e-05
36.863800000000012,0.00091305721763195499,411000,3.2172747928488738e-05
36.95174999999999,0.00091019898734025608,412000,3.1290802572043302e-05
37.039750000000005,0.00090772790787664235,413000,3.0844368789799614e-05
37.125300000000003,0.00090550034537386379,414000,3.0802721088507767e-05
37.213100000000011,0.00090338229540065467,415000,3.1054232399044559e-05
37.30230000000001,0.00090164095776177537,416000,3.1147532024137892e-05
37.389950000000006,0.00089871017253765175,417000,3.0892580854711438e-05
37.476399999999998,0.00089593160228755879,418000,3.0635956007267525e-05
37.569600000000008,0.00089389754364373522,419000,3.0210172177267446e-05
37.659300000000009,0.0008927470148741754,420000,3.0121506259666887e-05
37.746750000000006,0.00089092970990199921,421000,2.9663311772657506e-05
37.837500000000006,0.00088912900296078895,422000,2.9616338740493574e-05
37.926550000000006,0.00088811290395444335,423000,2.9348271721877926e-05
38.018499999999996,0.00088736273240279341,424000,2.9027915983724019e-05
38.103600000000007,0.00088602784529996604,425000,2.8389784042972309e-05
38.192550000000018,0.00088354108910502984,426000,2.7856931019064386e-05
38.278550000000003,0.00088076618602259897,427000,2.7445394016058041e-05
38.363800000000012,0.00087863033449077528,428000,2.7269481326478233e-05
38.451350000000012,0.00087638901668431624,429000,2.7157341259204354e-05
38.5398,0.00087443930697497958,430000,2.7091038757991894e-05
38.624400000000001,0.00087250093107574646,431000,2.6874727809545867e-05
38.710700000000003,0.00087169049407777614,432000,2.6383484264303823e-05
38.795100000000005,0.00087046880525128937,433000,2.6694442421673101e-05
38.885599999999997,0.00086912064860014302,434000,2.6738560510888948e-05
38.97055000000001,0.00086704779824444854,435000,2.6686903540236474e-05
39.060050000000004,0.0008649530230666725,436000,2.6710131976199229e-05
39.146299999999997,0.00086222761059089471,437000,2.6465295087286266e-05
39.234550000000006,0.00085974531055356602,438000,2.6712977517919051e-05
39.324350000000003,0.00085774161499243748,439000,2.6820399080779932e-05
39.411100000000012,0.0008555655678865624,440000,2.6911929392139746e-05
39.496200000000009,0.00085403799758094416,441000,2.6947637156010469e-05
39.588500000000003,0.00085258218198662602,442000,2.6935623879353596e-05
39.677900000000001,0.00085074038381717238,443000,2.6824289707971286e-05
39.768100000000011,0.00084894078630918558,444000,2.657403913266394e-05
39.858950000000007,0.00084717007734084495,445000,2.6177034751394572e-05
39.944150000000008,0.00084590608516893527,446000,2.6080953286825954e-05
40.034550000000017,0.00084462527553124083,447000,2.6013069833848099e-05
40.126000000000005,0.00084307538231725954,448000,2.6110135073059006e-05
40.210800000000013,0.00084093692317834846,449000,2.5817603391077876e-05
40.299550000000004,0.0008390040077316355,450000,2.5562041311618508e-05
